room_type,mean,std
Entire home/apt,25.956777818050018,12.906001694448351
Hotel room,22.411290322580644,9.661281604538805
Private room,19.547285464098074,12.147570150793396
Shared room,17.12230215827338,11.402523514018682
