email,phone,work
91.67999999999999,99.07000000000001,20.02
