room_type,mean,std
Entire home/apt,35.225271811190666,14.955130855232925
Hotel room,27.020833333333332,5.725046068135129
Private room,28.130208333333332,14.721416256686283
Shared room,19.883458646616543,10.036842589144348
