room_type,mean,std
Entire home/apt,38.56446850393701,15.38577422661398
Hotel room,25.363636363636363,5.201398413363992
Private room,31.768595041322314,13.743871827911928
Shared room,25.25,15.572411502397436
