email,phone,work
94.92,99.77000000000001,13.020000000000001
