room_type,mean,std
Entire home/apt,37.95053400786959,12.842455143064626
Private room,33.925970873786405,13.850566064977901
Shared room,24.666666666666668,9.72967967955095
