room_type,mean,std
Entire home/apt,34.08948685857322,13.703737470619984
Hotel room,28.0,6.8068592855540455
Private room,26.69074074074074,10.868584182212663
Shared room,13.0,12.165525060596439
