room_type,mean,std
Entire home/apt,23.01453957996769,13.385814767463383
Hotel room,23.753424657534246,9.386389004066666
Private room,16.874339857098477,11.349338937621782
Shared room,14.783854166666666,8.763704286220388
