room_type,mean,std
Entire home/apt,27.137010676156585,13.409200409904035
Hotel room,21.40841584158416,5.95779337973118
Private room,21.940620988937106,12.34432415452352
Shared room,20.230700179533212,11.947171260493915
