email,phone,work
93.12,99.92999999999999,25.779999999999998
