room_type,mean,std
Entire home/apt,35.36398053001623,12.316152271063578
Private room,28.924838012958965,13.500142798538189
Shared room,26.743697478991596,16.21973917038012
