room_type,mean,std
Entire home/apt,25.930074016361512,11.558942966057629
Hotel room,18.15267175572519,5.871342766670551
Private room,19.65114401076716,11.756210086837354
Shared room,18.62456140350877,10.270518465144361
