room_type,mean,std
Entire home/apt,29.979854620976116,12.745577252075462
Hotel room,17.708333333333332,6.566021721174692
Private room,21.856443298969072,13.100196437605396
Shared room,12.278481012658228,5.455969933889542
