room_type,mean,std
Entire home/apt,33.04838709677419,12.359071043736433
Hotel room,19.5,3.817973687301037
Private room,26.37837837837838,11.259337315596127
Shared room,46.0,
