room_type,mean,std
Entire home/apt,20.104368932038835,12.256864361749585
Hotel room,15.074324324324325,4.333433603677621
Private room,12.406296851574213,8.075642440681195
Shared room,12.01764705882353,8.042987503731327
