room_type,mean,std
Entire home/apt,23.43519302916616,12.59715353389464
Hotel room,19.40625,6.374644202594951
Private room,18.818784099766173,11.591062205140101
Shared room,15.452054794520548,10.41905452083187
