room_type,mean,std
Entire home/apt,26.886124401913875,11.08020279687788
Hotel room,21.77777777777778,1.6414763002993507
Private room,21.108585858585858,10.12332969340737
Shared room,16.63157894736842,7.312170420423059
