room_type,mean,std
Entire home/apt,31.73368074602304,16.490483633942123
Hotel room,22.615384615384617,6.934676891517268
Private room,29.69269102990033,14.058072878867595
Shared room,25.0,19.857828011475306
