room_type,mean,std
Entire home/apt,34.30227167362077,13.332342398665375
Hotel room,29.671875,11.52389479341414
Private room,27.347980997624703,13.243576231143697
Shared room,14.6875,3.1351501824739865
