room_type,mean,std
Entire home/apt,38.034615384615385,12.862652143610196
Hotel room,22.5,7.676804890925215
Private room,31.576623376623377,12.24074795278961
Shared room,22.5,5.7817446699565895
