room_type,mean,std
Entire home/apt,30.1142355590885,12.363933837535038
Hotel room,20.936507936507937,8.399151950879363
Private room,23.60947471772214,12.097049800092647
Shared room,18.941048034934497,9.707329964370032
