room_type,mean,std
Entire home/apt,27.163065961847852,11.738769691581169
Hotel room,20.699386503067483,7.132679936607858
Private room,21.097091722595078,11.172949233841711
Shared room,17.30263157894737,10.726665103328983
