room_type,mean,std
Entire home/apt,33.905992329817835,14.72352171557591
Hotel room,23.113253012048194,10.192136912899539
Private room,22.804626187525816,11.568000323396747
Shared room,14.321428571428571,8.159536894214176
