room_type,mean,std
Entire home/apt,33.87312284425577,14.668950237776382
Hotel room,23.09605911330049,10.1198074561517
Private room,22.8623595505618,11.323216781050458
Shared room,12.82,6.878226515607057
