room_type,mean,std
Entire home/apt,35.271929824561404,14.485261504029818
Hotel room,26.0,
Private room,28.64864864864865,14.667076161359603
Shared room,54.0,
