room_type,mean,std
Entire home/apt,34.60831265508685,16.267476590440044
Hotel room,19.833333333333332,5.0088157576534655
Private room,28.543010752688172,14.421386578163686
Shared room,15.0,
