room_type,mean,std
Entire home/apt,34.843250966549,11.677773345277897
Hotel room,27.559322033898304,11.048515560208129
Private room,28.476704545454545,11.982840995351992
Shared room,31.73076923076923,19.450966067824496
