room_type,mean,std
Entire home/apt,25.49134097823543,13.5372948542197
Hotel room,25.166666666666668,12.555294367981448
Private room,22.835555555555555,13.107206744114967
Shared room,19.47887323943662,12.246409567040548
