room_type,mean,std
Entire home/apt,28.60211267605634,12.26601779651067
Hotel room,25.992424242424242,9.047600752265998
Private room,21.055003819709704,12.37112586393909
Shared room,21.166666666666668,10.935592324477877
