email,phone,work
92.15,99.53999999999999,14.530000000000001
