room_type,mean,std
Entire home/apt,25.18478313603726,12.765863363300378
Hotel room,21.104508196721312,7.544268541282038
Private room,19.986444193747953,11.620313557935335
Shared room,15.949257425742575,10.264336312859836
