room_type,mean,std
Entire home/apt,26.11974778496494,13.511039947325921
Hotel room,21.057692307692307,11.230933230894149
Private room,23.665024630541872,13.526028046544518
Shared room,14.634615384615385,12.612341330861366
