room_type,mean,std
Entire home/apt,26.83791653186671,11.353329453889296
Hotel room,18.670103092783506,7.040919113171853
Private room,20.38391167192429,9.88464526231923
Shared room,12.166666666666666,5.719400183720182
