room_type,mean,std
Entire home/apt,41.51966292134831,13.416235459212674
Private room,36.80434782608695,13.698671733504051
Shared room,10.0,
