room_type,mean,std
Entire home/apt,34.336345350927985,15.160376015474917
Hotel room,25.76923076923077,10.42789079250647
Private room,28.732468940215124,14.800024499969211
Shared room,18.92150170648464,11.149230216322954
