room_type,mean,std
Entire home/apt,32.80555555555556,14.167916986467533
Hotel room,19.05,8.895847970323635
Private room,24.8902027027027,13.518622634161884
Shared room,24.5625,11.741486277298971
