room_type,mean,std
Entire home/apt,31.024565848835053,13.460012620538661
Hotel room,21.62162162162162,7.639545704879597
Private room,21.859473382942188,11.494103254061065
Shared room,13.098326359832637,9.592744836056067
