room_type,mean,std
Entire home/apt,27.369285714285713,11.429133882831762
Hotel room,17.024390243902438,6.218873711847061
Private room,22.870352250489237,11.919234065916719
Shared room,19.90625,12.568160937656659
