room_type,mean,std
Entire home/apt,31.95792509843421,13.697455100997413
Hotel room,25.0,7.52772652709081
Private room,25.669488109633214,12.630399943041574
Shared room,19.780405405405407,12.405455563004727
