room_type,mean,std
Entire home/apt,29.779914752053227,12.219427922338667
Hotel room,21.61764705882353,10.800760483190547
Private room,23.585478887744593,12.417223303629395
Shared room,21.69626168224299,14.610147192533011
