room_type,mean,std
Entire home/apt,29.904994921983196,12.027936624527445
Hotel room,23.067857142857143,8.763316837467048
Private room,24.588444444444445,13.255041670833469
Shared room,15.0,10.002940744071806
