room_type,mean,std
Entire home/apt,27.621789767071473,11.601602763494805
Hotel room,20.540697674418606,8.282905356686795
Private room,19.598682194299723,11.977197035944368
Shared room,20.56534090909091,12.464921884929831
