room_type,mean,std
Entire home/apt,28.76095219994298,13.692576087864838
Hotel room,25.14864864864865,4.653052858167516
Private room,21.334336342360416,13.04604225865437
Shared room,17.957142857142856,10.363936516798221
