room_type,mean,std
Entire home/apt,28.446967129786515,12.014369226772756
Hotel room,16.375,4.779046527738113
Private room,21.790697674418606,11.58662137129032
Shared room,20.375,18.76776935777576
