email,phone,work
93.08999999999999,99.03999999999999,11.29
