room_type,mean,std
Entire home/apt,30.10543031993183,13.664285200345347
Hotel room,20.95413870246085,9.49300559909075
Private room,21.45338329292484,11.040433849181035
Shared room,14.65,6.555632371440126
