room_type,mean,std
Entire home/apt,22.90051903114187,12.4399641765058
Hotel room,22.816666666666666,9.079669348617601
Private room,19.486648745519712,12.233030103454208
Shared room,14.899193548387096,10.467405848963143
