room_type,mean,std
Entire home/apt,35.11993139777043,14.216006484858962
Hotel room,23.78767123287671,9.160572901866509
Private room,27.825688073394495,14.399204832801106
Shared room,20.316666666666666,11.813553972927215
