room_type,mean,std
Entire home/apt,37.43126630543849,12.928762205009267
Hotel room,24.25,6.7175144212722016
Private room,32.27820796460177,13.467210526098803
Shared room,21.966666666666665,11.994740911074716
