room_type,mean,std
Entire home/apt,36.48250218722659,12.200549983553648
Hotel room,21.2,3.6055512754639896
Private room,29.888557806912992,12.104794517224654
Shared room,18.181818181818183,10.581287084454157
