room_type,mean,std
Entire home/apt,24.404787512353934,13.427876974674637
Hotel room,18.895505617977527,9.900961256821981
Private room,21.37332718043378,11.975895244731515
Shared room,19.674418604651162,14.847592285543838
