room_type,mean,std
Entire home/apt,25.086341398915774,12.221718206112483
Hotel room,20.47,8.541859712436091
Private room,19.94965825446898,11.496219291366895
Shared room,15.73134328358209,9.189771368989506
