room_type,mean,std
Entire home/apt,26.864592274678113,10.712138210951162
Hotel room,16.62847222222222,5.244959794314751
Private room,19.978940650925335,9.15147836257145
Shared room,12.183333333333334,4.677827789597609
