email,phone,work
91.97999999999999,99.78,6.619999999999999
