room_type,mean,std
Entire home/apt,26.417922948073702,11.518965043937119
Hotel room,20.43103448275862,6.817894616569873
Private room,19.925327174749807,10.643264931139084
Shared room,19.479338842975206,11.041370601290138
