room_type,mean,std
Entire home/apt,30.071007720438846,13.926607732200297
Hotel room,22.606666666666666,9.443034517616724
Private room,25.76438945669715,12.140232878732464
Shared room,13.662162162162161,8.05885818185152
