room_type,mean,std
Entire home/apt,29.91685393258427,13.202666243705373
Hotel room,25.055555555555557,7.320538079798354
Private room,24.390697674418604,12.458075407893432
Shared room,31.166666666666668,26.536138880151096
