room_type,mean,std
Entire home/apt,35.144375,13.688747957178878
Private room,27.664527421236873,12.977258218914368
Shared room,33.596774193548384,14.22639527711237
