room_type,mean,std
Entire home/apt,30.927655893685618,13.500321677287243
Hotel room,24.518072289156628,8.223051249285092
Private room,21.055106751298325,12.276708694080911
Shared room,15.09915611814346,8.404478182619904
