room_type,mean,std
Entire home/apt,30.629391100702577,13.88576389634062
Hotel room,29.375,13.644812972431376
Private room,23.785714285714285,12.834399883661057
Shared room,16.0,8.48528137423857
