room_type,mean,std
Entire home/apt,27.566216786166173,13.3675263667773
Hotel room,19.44,10.404646397964068
Private room,24.592767295597483,13.751105654080886
Shared room,17.275,10.163757852497792
