room_type,mean,std
Entire home/apt,32.87716228575973,12.886891859495256
Hotel room,26.726027397260275,13.08626323241772
Private room,28.75887484957882,12.232869247919508
Shared room,24.22222222222222,11.517343719330702
