room_type,mean,std
Entire home/apt,29.69953519256308,15.02470380339915
Hotel room,21.5,2.4494897427831783
Private room,26.508557457212714,13.815821208468977
Shared room,24.037037037037038,16.079086946622223
