room_type,mean,std
Entire home/apt,30.740142323845077,13.11619094983503
Hotel room,20.91390728476821,8.862234780122522
Private room,24.023851076207098,13.749685616172576
Shared room,25.7,14.680018432429526
