room_type,mean,std
Entire home/apt,28.437235543018335,13.198781817292284
Hotel room,26.13157894736842,10.943765478342009
Private room,23.02157598499062,12.501578988705806
Shared room,19.214285714285715,8.349837137320717
