room_type,mean,std
Entire home/apt,37.15214007782101,14.544237470841885
Hotel room,22.875,8.984941105353261
Private room,28.921493902439025,12.602326632153051
Shared room,16.0,0.0
