room_type,mean,std
Entire home/apt,29.243313521545318,11.179116561260239
Hotel room,16.45614035087719,5.4381922398066
Private room,23.56056098597535,11.936537118974005
Shared room,10.5,7.089490077940542
