room_type,mean,std
Entire home/apt,28.79848046309696,12.413083266298656
Hotel room,19.460408684546614,8.078718583439484
Private room,21.708287520615723,11.04732767837246
Shared room,16.690647482014388,8.309980834020442
