room_type,mean,std
Entire home/apt,31.83969465648855,16.186140035508934
Hotel room,20.7,9.211405973031477
Private room,23.604379562043796,13.43362972885509
Shared room,7.75,6.291528696058958
