room_type,mean,std
Entire home/apt,37.67633024869867,15.144399148684686
Hotel room,24.857142857142858,8.745239892605621
Private room,28.891185647425896,14.055761545228414
Shared room,22.318681318681318,15.158010569969848
