room_type,mean,std
Entire home/apt,37.4399852724595,14.219975643273376
Hotel room,4.0,0.0
Private room,29.05294117647059,13.39842735132195
Shared room,23.5,12.7148207485071
