room_type,mean,std
Entire home/apt,36.05401724920563,13.593641632216457
Hotel room,20.93220338983051,10.116187259843887
Private room,26.011023622047244,12.880420841886718
Shared room,20.53846153846154,12.278812270298408
