room_type,mean,std
Entire home/apt,38.42334494773519,13.265916388692311
Hotel room,33.09090909090909,4.5706574024869875
Private room,30.16936936936937,13.433892108499856
Shared room,21.4,7.569676347110224
