room_type,mean,std
Entire home/apt,26.448239823982398,12.401677990967901
Hotel room,21.625,7.108413708735969
Private room,17.198058252427185,11.197570400034914
Shared room,18.69736842105263,12.145528380812536
