room_type,mean,std
Entire home/apt,22.15508972772277,11.877026634763675
Hotel room,22.763207547169813,6.350077148107088
Private room,18.821350364963504,11.348310308419528
Shared room,17.427613941018766,10.427237076755231
