room_type,mean,std
Entire home/apt,25.898201144726084,13.6834332237579
Hotel room,22.4,11.645354683919495
Private room,22.022243713733076,12.606551870328186
Shared room,13.578947368421053,11.758286862528932
