room_type,mean,std
Entire home/apt,38.401828298887125,12.413222533309906
Hotel room,21.833333333333332,5.136375467309265
Private room,32.22594936708861,12.854081036296362
Shared room,28.5,14.082463899250168
