room_type,mean,std
Entire home/apt,24.63335895465027,11.021646659941222
Hotel room,18.250347705146037,8.037597706929065
Private room,17.168533034714446,9.039784957158465
Shared room,13.11278863232682,6.046834988989681
