room_type,mean,std
Entire home/apt,35.910622904535025,12.638952226980512
Hotel room,27.39622641509434,10.079662735966288
Private room,32.13520249221184,13.306926389559331
Shared room,29.584269662921347,11.259651404223728
