room_type,mean,std
Entire home/apt,24.931722134178553,12.601205622340604
Hotel room,23.833333333333332,8.718963539506978
Private room,19.997895032276173,10.927318893801607
Shared room,12.294285714285714,8.652650343326904
