room_type,mean,std
Entire home/apt,29.410787646975493,12.9021905781283
Hotel room,23.53488372093023,10.472126941383904
Private room,21.98514911014911,11.965564521798743
Shared room,17.448830409356724,10.759004212685019
