room_type,mean,std
Entire home/apt,37.69851451721809,14.176711845917453
Hotel room,25.88888888888889,6.79869268479038
Private room,31.580695497102095,14.549055628343687
Shared room,26.949367088607595,15.439832547066926
