room_type,mean,std
Entire home/apt,28.11115780626182,12.043415730037234
Hotel room,21.681159420289855,9.971550921267601
Private room,22.104133545310017,11.359430742939084
Shared room,19.644736842105264,16.603853303479614
