room_type,mean,std
Entire home/apt,27.4306595796086,13.909751133128207
Hotel room,25.6,12.979704437032735
Private room,21.296311146752206,12.322067350393173
Shared room,15.411764705882353,7.957415192185542
