room_type,mean,std
Entire home/apt,38.04908038851002,13.54603479175817
Hotel room,24.071428571428573,7.374220018355898
Private room,35.54157667386609,14.578534731474836
Shared room,23.526315789473685,8.656346274674302
