room_type,mean,std
Entire home/apt,27.789053155351418,14.60973070788886
Hotel room,19.90105263157895,7.22175123309793
Private room,21.497080162803044,13.627645284914303
Shared room,16.44922547332186,12.020725790775074
