room_type,mean,std
Entire home/apt,30.756904637832204,14.202144567998072
Hotel room,23.335714285714285,11.630622390223449
Private room,22.64512595837897,12.081186476426723
Shared room,21.833333333333332,13.297628475669
