room_type,mean,std
Entire home/apt,39.840437158469946,14.190080820330932
Private room,32.06455026455026,13.880717726837549
Shared room,22.27027027027027,8.478524685072331
