email,phone,work
90.42999999999999,99.38,15.120000000000001
