room_type,mean,std
Entire home/apt,31.134874195435927,12.473276356273276
Hotel room,25.318181818181817,3.534003040346385
Private room,25.933836331979105,11.446891897478984
Shared room,20.568181818181817,10.052594375565626
