room_type,mean,std
Entire home/apt,35.26128743853375,13.525972622039871
Hotel room,17.0,
Private room,29.296385542168675,13.686282971065774
Shared room,23.714285714285715,11.456977684465377
