room_type,mean,std
Entire home/apt,33.793794506612414,12.57056404176575
Hotel room,22.41304347826087,9.018481244232266
Private room,26.685964912280703,11.67916490018109
Shared room,20.972727272727273,9.372474917103082
