room_type,mean,std
Entire home/apt,26.719890510948904,14.746150779243248
Hotel room,14.391304347826088,7.578313139447702
Private room,22.15077755240027,13.286040080940264
Shared room,16.555555555555557,14.179029296636346
