room_type,mean,std
Entire home/apt,36.71592062759576,14.285530773689786
Hotel room,42.13134328358209,8.116059502177238
Private room,30.665353222628763,13.662081791585983
Shared room,20.805882352941175,11.697856467677116
