room_type,mean,std
Entire home/apt,32.936358894105375,12.289166346468326
Hotel room,23.985294117647058,3.340489199607091
Private room,27.90277777777778,12.242567823094683
Shared room,31.0,27.874719729532707
