room_type,mean,std
Entire home/apt,30.714419540628686,14.451110342092168
Hotel room,21.41919191919192,12.405215677022182
Private room,21.21041827046446,12.84407314057364
Shared room,16.161616161616163,11.969951384064974
