email,phone,work
92.96,99.92999999999999,13.600000000000001
