room_type,mean,std
Entire home/apt,35.683329663069806,14.283948880016936
Hotel room,28.25,8.635681791265817
Private room,27.895916334661354,13.22040226878617
Shared room,21.833333333333332,11.93663827605299
