room_type,mean,std
Entire home/apt,30.60877581120944,13.095567223523604
Hotel room,13.428571428571429,10.55909586539044
Private room,24.59351385390428,13.095809591425823
Shared room,17.074074074074073,12.359754559194645
