room_type,mean,std
Entire home/apt,30.232441471571907,12.348654777952644
Hotel room,18.6875,6.477846864506754
Private room,23.308806488991888,12.087771287510728
Shared room,15.5,14.849242404917497
