room_type,mean,std
Entire home/apt,27.35839173214412,14.247518575128959
Hotel room,21.766990291262136,6.169507374580472
Private room,18.29968021927821,10.655265511205943
Shared room,14.28103448275862,7.174142749183208
