room_type,mean,std
Entire home/apt,26.235948821724655,13.288188675855512
Hotel room,20.318380743982495,9.50985472265187
Private room,21.638294557540508,11.778307834830267
Shared room,19.13953488372093,11.383334351480338
