room_type,mean,std
Entire home/apt,33.5140056022409,14.566298584753275
Hotel room,18.615384615384617,6.456481537660728
Private room,26.72984562607204,12.78541511515561
Shared room,14.0,
