room_type,mean,std
Entire home/apt,36.262104841936775,12.965238387957925
Hotel room,21.0,
Private room,29.791818181818183,13.652879399250509
Shared room,24.733870967741936,12.00161114250352
