room_type,mean,std
Entire home/apt,29.302453632148378,12.547396202656879
Hotel room,20.625,4.333974311568231
Private room,23.954225352112676,13.225219424516165
Shared room,16.606060606060606,11.865626284407076
