room_type,mean,std
Entire home/apt,31.008541392904075,14.199017501265526
Hotel room,23.9,7.370361064576295
Private room,24.814814814814813,13.198751343859653
Shared room,14.5,6.60807586719967
