room_type,mean,std
Entire home/apt,31.177233089794957,13.235141034668324
Hotel room,23.46153846153846,5.316768647040592
Private room,27.05381866904868,12.426464035391094
Shared room,19.134146341463413,8.263428569994794
