room_type,mean,std
Entire home/apt,30.31362586605081,11.786730219158303
Hotel room,25.575,3.5661972965463833
Private room,25.69910011248594,11.844799638177495
Shared room,18.866666666666667,8.642640689930253
