room_type,mean,std
Entire home/apt,36.22720286885246,14.184312270699095
Hotel room,27.352941176470587,10.66112266798809
Private room,28.323793490460158,12.596162050491795
Shared room,17.0,
