room_type,mean,std
Entire home/apt,26.56093928980527,12.97237855761256
Hotel room,20.128205128205128,8.859070544034713
Private room,23.185626911314984,12.298831985033901
Shared room,17.903846153846153,10.690200401086248
